<?xml version="1.0" encoding="UTF-8" ?>
<!DOCTYPE log4j:configuration PUBLIC "-//log4j/log4j Configuration//EN" "log4j.dtd">

<log4j:configuration xmlns:log4j="http://jakarta.apache.org/log4j/">

    <appender name="STDOUT" class="org.apache.log4j.ConsoleAppender">
        <layout class="org.apache.log4j.PatternLayout">
            <param name="ConversionPattern" value="%d %-5p %c.%M:%L - %m%n"/>
        </layout>
    </appender>

    <appender name="FILE" class="org.apache.log4j.FileAppender">
        <param name="File" value="/primes.log" />
        <param name="Append" value="true" />
        <layout class="org.apache.log4j.PatternLayout">
            <param name="ConversionPattern" value="%t %-5p %c{2} - %m%n"/>
        </layout>
    </appender>

    <!-- specify the logging level for loggers from other libraries -->
    <logger name="com.opensymphony">
        <level value="DEBUG" />
    </logger>

    <logger name="org.apache.struts2">
        <level value="DEBUG" />
    </logger>

    <!-- for all other loggers log only debug and above log messages -->
    <root>
        <priority value="INFO"/>
        <appender-ref ref="STDOUT" />
        <appender-ref ref="FILE" />
    </root>

</log4j:configuration>