<?xml version="1.0" encoding="UTF-8" ?>
<!DOCTYPE struts PUBLIC
        "-//Apache Software Foundation//DTD Struts Configuration 2.3//EN"
        "http://struts.apache.org/dtds/struts-2.3.dtd">
<struts>
    <constant name="struts.enable.DynamicMethodInvocation" value="false"/>
    <constant name="struts.devMode" value="true"/>
    <constant name="struts.mapper.alwaysSelectFullNamespace" value="false"/>
    <constant name="struts.enable.SlashesInActionNames" value="true"/>
    <constant name="struts.patternMatcher" value="namedVariable"/>

    <package name="default" namespace="/" extends="struts-default">

        <default-action-ref name="/{upperLimit}"/>

        <action name="/{upperLimit}" class="duong.rbs.CalculatePrimeAction" method="execute">
            <result name="success">/WEB-INF/jsp/result.jsp</result>
            <result name="error">/WEB-INF/jsp/invalid.jsp</result>
        </action>

        <action name="/{upperLimit}/{format}" class="duong.rbs.CalculatePrimeAction" method="execute">
            <result name="success">/WEB-INF/jsp/result.jsp</result>
            <result name="error">/WEB-INF/jsp/invalid.jsp</result>
        </action>
    </package>

    <!-- Add addition packages and configuration here. -->
</struts>
